{"stat.useItem.minecraft.bow":10,"stat.useItem.minecraft.noteblock":1,"stat.killEntity.Skeleton":1,"stat.walkOneCm":69256,"stat.useItem.minecraft.stone_slab":16,"achievement.openInventory":11,"stat.leaveGame":1,"stat.damageTaken":166,"stat.killEntity.Spider":6,"stat.killEntity.Slime":1,"stat.useItem.minecraft.comparator":1,"stat.useItem.minecraft.dark_oak_fence_gate":2,"stat.useItem.minecraft.hopper":6,"stat.mobKills":17,"stat.killEntity.Creeper":1,"stat.useItem.minecraft.diamond_sword":40,"stat.useItem.minecraft.golden_apple":3,"stat.flyOneCm":8036,"stat.drop":4,"stat.jump":24,"stat.playOneMinute":16355,"stat.killEntity.Witch":1,"stat.useItem.minecraft.redstone":6,"stat.useItem.minecraft.trapped_chest":3,"stat.damageDealt":3250,"stat.crouchOneCm":70,"stat.killEntity.Zombie":7,"stat.timeSinceDeath":16355,"stat.useItem.minecraft.obsidian":17,"stat.sprintOneCm":3230,"achievement.exploreAllBiomes":{"value":0,"progress":["Plains"]}}