{"stat.killEntity.Skeleton":1,"stat.flyOneCm":1168,"stat.walkOneCm":4569,"stat.jump":20,"stat.playOneMinute":7872,"achievement.openInventory":11,"stat.leaveGame":1,"stat.damageTaken":190,"stat.killEntity.Slime":3,"stat.damageDealt":631,"stat.crouchOneCm":109,"stat.timeSinceDeath":7872,"stat.useItem.minecraft.dirt":11,"stat.mobKills":4,"stat.sprintOneCm":454,"stat.mineBlock.minecraft.dirt":1,"stat.useItem.minecraft.spawn_egg":1,"achievement.exploreAllBiomes":{"value":0,"progress":["Plains"]},"stat.useItem.minecraft.potion":9}